"etahat_0","etahat_1","cov_00","cov_01","cov_11","rdhat","rrhat","var_rd","var_rr","Estimator","Version","eta_0","eta_1","rd","rr","seed","m","n_trial","n_aux","p_resp","p_cens","K"
0.826621427345937,0.109722900185385,0.00340386090048574,0.00017018491535949,0.00152241590212917,-0.716898527160551,0.132736578747634,0.00458590697189593,0.00224967405953839,"AIPW","Parametric",0.752673444086086,0.243873444086086,-0.5088,0.324009629942774,7000001,20,500,500,0.5,0.3,5
0.570010983269415,0.0466834807314792,0.0234989118952033,0.000113615751606403,0.00076448398543353,-0.523327502537936,0.0818992652803224,0.0240361643774241,0.00278072570968603,"AIPW","Nonparametric SS 1",0.752673444086086,0.243873444086086,-0.5088,0.324009629942774,7000001,20,500,500,0.5,0.3,5
0.517989400849594,0.0852023997889613,0.0534556822096933,6.96285736253946e-05,0.00291908569282315,-0.432787001060632,0.164486762951548,0.0562355107552656,0.016184347223486,"AIPW","Nonparametric SS 2",0.752673444086086,0.243873444086086,-0.5088,0.324009629942774,7000001,20,500,500,0.5,0.3,5
0.849267198959388,0.134052988022871,0.0019552335000044,0.000280611087164576,0.000171669170946472,-0.715214210936516,0.15784547924037,0.00156568049662172,0.000182734058682183,"AIPW","Parametric",0.772368319606697,0.228208319606697,-0.54416,0.295465665555657,7000001,20,5000,500,0.5,0.3,5
0.791617836049249,0.241173158010827,0.00247019386361919,0.000289862674625309,0.00140581278332971,-0.550444678038422,0.304658570118199,0.00329628129769828,0.00232737510515775,"AIPW","Nonparametric SS 1",0.772368319606697,0.228208319606697,-0.54416,0.295465665555657,7000001,20,5000,500,0.5,0.3,5
0.84640452306962,0.247643858766275,0.0032787022076402,0.000213709621803143,0.00564465549959423,-0.598760664303346,0.292583335764978,0.00849593846362814,0.00809640995060553,"AIPW","Nonparametric SS 2",0.772368319606697,0.228208319606697,-0.54416,0.295465665555657,7000001,20,5000,500,0.5,0.3,5
0.828495857756626,0.10481715146279,0.00222419872183872,9.0072166536328e-06,0.0012525830217327,-0.723678706293836,0.12651499760857,0.00345876731026415,0.00187338936342773,"AIPW","Parametric",0.752673444086086,0.243873444086086,-0.5088,0.324009629942774,7000001,20,500,5000,0.5,0.3,5
0.763917198929467,0.0993253921901847,0.0107516285484091,1.89558745029742e-06,0.0055932321558278,-0.664591806739282,0.130021149320079,0.0163410695293363,0.00989513845721451,"AIPW","Nonparametric SS 1",0.752673444086086,0.243873444086086,-0.5088,0.324009629942774,7000001,20,500,5000,0.5,0.3,5
0.815808796696937,0.0766806561417857,0.00401780551067994,4.53301589000921e-06,0.00165030309766164,-0.739128140555151,0.0939934166587219,0.00565904257656156,0.00253168434487355,"AIPW","Nonparametric SS 2",0.752673444086086,0.243873444086086,-0.5088,0.324009629942774,7000001,20,500,5000,0.5,0.3,5
0.849292792447047,0.134298755473675,0.000280561839607702,1.88069022546691e-05,0.000131753626276688,-0.714994036973372,0.158130101500948,0.000374701661375051,0.00018414190945365,"AIPW","Parametric",0.772368319606697,0.228208319606697,-0.54416,0.295465665555657,7000001,20,5000,5000,0.5,0.3,5
0.791295927940922,0.277369344361266,0.00630970739242234,1.13848282392529e-05,0.00760319088338892,-0.513926583579656,0.350525428688892,0.0138901286193328,0.0133681725361116,"AIPW","Nonparametric SS 1",0.772368319606697,0.228208319606697,-0.54416,0.295465665555657,7000001,20,5000,5000,0.5,0.3,5
0.817905441658891,0.303449521151828,0.00192093416884562,8.43086614455251e-06,0.00366822062942902,-0.514455920507063,0.37100807220009,0.00557229306598553,0.0058692910553643,"AIPW","Nonparametric SS 2",0.772368319606697,0.228208319606697,-0.54416,0.295465665555657,7000001,20,5000,5000,0.5,0.3,5
0.826621427345937,0.109722900185385,0.00340386090048574,0.00017018491535949,0.00152241590212917,-0.716898527160551,0.132736578747634,0.00458590697189593,0.00224967405953839,"AIPW","Parametric",0.752673444086086,0.243873444086086,-0.5088,0.324009629942774,7000001,20,500,500,0.5,0.3,10
0.775358247522095,0.042836761199693,0.00956040494576928,9.97778041305186e-05,0.00699776943391416,-0.732521486322402,0.0552477017386371,0.0163586187714224,0.0116702500794637,"AIPW","Nonparametric SS 1",0.752673444086086,0.243873444086086,-0.5088,0.324009629942774,7000001,20,500,500,0.5,0.3,10
0.684940422258327,0.0396814782056237,0.00870247236737519,0.000130942906171269,0.00495965794818935,-0.645258944052703,0.0579342040798079,0.013400244503222,0.0106016512798989,"AIPW","Nonparametric SS 2",0.752673444086086,0.243873444086086,-0.5088,0.324009629942774,7000001,20,500,500,0.5,0.3,10
0.849267198959388,0.134052988022871,0.0019552335000044,0.000280611087164576,0.000171669170946472,-0.715214210936516,0.15784547924037,0.00156568049662172,0.000182734058682183,"AIPW","Parametric",0.772368319606697,0.228208319606697,-0.54416,0.295465665555657,7000001,20,5000,500,0.5,0.3,10
0.78431547582741,0.292663164316045,0.00238233113808167,0.000247531999521364,0.00352672824205231,-0.491652311511365,0.373144701763409,0.00541399538109126,0.00597204214738993,"AIPW","Nonparametric SS 1",0.772368319606697,0.228208319606697,-0.54416,0.295465665555657,7000001,20,5000,500,0.5,0.3,10
0.747290631176345,0.214704114675497,0.00377932296308429,0.00025062156211242,0.00487603390635562,-0.532586516500848,0.287310058119585,0.00815411374521507,0.00903223991387487,"AIPW","Nonparametric SS 2",0.772368319606697,0.228208319606697,-0.54416,0.295465665555657,7000001,20,5000,500,0.5,0.3,10
0.828495857756626,0.10481715146279,0.00222419872183872,9.0072166536328e-06,0.0012525830217327,-0.723678706293836,0.12651499760857,0.00345876731026415,0.00187338936342773,"AIPW","Parametric",0.752673444086086,0.243873444086086,-0.5088,0.324009629942774,7000001,20,500,5000,0.5,0.3,10
0.691058630350481,0.0178423551963654,0.00881711663448222,1.338351724947e-05,0.00090051996505445,-0.673216275154115,0.0258188732659578,0.00969086956503773,0.00189652113795253,"AIPW","Nonparametric SS 1",0.752673444086086,0.243873444086086,-0.5088,0.324009629942774,7000001,20,500,5000,0.5,0.3,10
0.834987003257593,0.100629129719353,0.00430735937456762,2.23297109205879e-06,0.00429839143751049,-0.73435787353824,0.120515803631388,0.008601284869894,0.00625414938473125,"AIPW","Nonparametric SS 2",0.752673444086086,0.243873444086086,-0.5088,0.324009629942774,7000001,20,500,5000,0.5,0.3,10
0.849292792447047,0.134298755473675,0.000280561839607702,1.88069022546691e-05,0.000131753626276688,-0.714994036973372,0.158130101500948,0.000374701661375051,0.00018414190945365,"AIPW","Parametric",0.772368319606697,0.228208319606697,-0.54416,0.295465665555657,7000001,20,5000,5000,0.5,0.3,10
0.749797488131846,0.324988804451864,0.00386209798864844,9.03399519894906e-06,0.00759880607783712,-0.424808683679981,0.433435440363489,0.0114428360760877,0.0147929346966976,"AIPW","Nonparametric SS 1",0.772368319606697,0.228208319606697,-0.54416,0.295465665555657,7000001,20,5000,5000,0.5,0.3,10
0.766286708985541,0.212888993778017,0.00202806215431557,1.74682763809875e-05,0.003628220206064,-0.553397715207524,0.277818982479617,0.0056213458076176,0.00642894577621722,"AIPW","Nonparametric SS 2",0.772368319606697,0.228208319606697,-0.54416,0.295465665555657,7000001,20,5000,5000,0.5,0.3,10
